<?xml version="1.0" encoding="UTF-8"?>
<lucha_extrema>
    <!-- Configuración global del juego -->
    <configuracion>
        <max_health>100</max_health>
        <max_energy>100</max_energy>
        <attack_cooldown>3000</attack_cooldown>  <!-- 3 segundos -->
        <special_cooldown>3000</special_cooldown>  <!-- 3 segundos -->
        <dodge_cooldown>3000</dodge_cooldown>  <!-- 3 segundos -->
        <energy_regen_rate>0.005</energy_regen_rate>  <!-- Por milisegundo -->
        <max_game_time>180000</max_game_time>  <!-- 3 minutos en milisegundos -->
    </configuracion>

    <!-- Personajes disponibles -->
    <personajes>
        <personaje>
            <tipo>mago</tipo>
            <nombre>Mago</nombre>
            <descripcion>Especializado en magia curativa y ataques a distancia</descripcion>
            <ataque_normal>
                <daño>15</daño>
                <energia>10</energia>
                <cooldown>3000</cooldown>
            </ataque_normal>
            <ataque_especial>
                <daño>25</daño>
                <energia>30</energia>
                <cooldown>3000</cooldown>
                <efecto>Regenera 10 puntos de salud</efecto>
            </ataque_especial>
            <esquivar>
                <energia>30</energia>
                <duracion>3000</duracion>
                <cooldown>3000</cooldown>
            </esquivar>
            <imagen_normal>Fotos/MagoNormal.jpeg</imagen_normal>
            <imagen_ataque>Fotos/MagoAtaque.jpeg</imagen_ataque>
            <imagen_especial>Fotos/MagoRegenerar.jpeg</imagen_especial>
        </personaje>

        <personaje>
            <tipo>guerrero</tipo>
            <nombre>Guerrero</nombre>
            <descripcion>Especializado en combate cuerpo a cuerpo con ataques poderosos</descripcion>
            <ataque_normal>
                <daño>20</daño>
                <energia>15</energia>
                <cooldown>3000</cooldown>
            </ataque_normal>
            <ataque_especial>
                <daño>30</daño>
                <energia>40</energia>
                <cooldown>3000</cooldown>
                <efecto>Ataque masivo con gran daño</efecto>
            </ataque_especial>
            <esquivar>
                <energia>30</energia>
                <duracion>3000</duracion>
                <cooldown>3000</cooldown>
            </esquivar>
            <imagen_normal>Fotos/GuerreroNormal.jpeg</imagen_normal>
            <imagen_ataque>Fotos/GuerreroAtaque.jpeg</imagen_ataque>
            <imagen_especial>Fotos/GuerreroRegenerar.jpeg</imagen_especial>
        </personaje>

        <personaje>
            <tipo>vampiro</tipo>
            <nombre>Vampiro</nombre>
            <descripcion>Especializado en robo de vida y habilidades de supervivencia</descripcion>
            <ataque_normal>
                <daño>15</daño>
                <energia>12</energia>
                <cooldown>3000</cooldown>
            </ataque_normal>
            <ataque_especial>
                <daño>20</daño>
                <energia>35</energia>
                <cooldown>3000</cooldown>
                <efecto>Roba 20 puntos de vida al oponente</efecto>
            </ataque_especial>
            <esquivar>
                <energia>30</energia>
                <duracion>3000</duracion>
                <cooldown>3000</cooldown>
            </esquivar>
            <imagen_normal>Fotos/VampiroNormal.jpeg</imagen_normal>
            <imagen_ataque>Fotos/VampiroAtaque.jpeg</imagen_ataque>
            <imagen_especial>Fotos/VampiroRegenerar.jpeg</imagen_especial>
        </personaje>
    </personajes>

    <!-- Controles del juego -->
    <controles>
        <jugador id="1">
            <ataque>KeyA</ataque>
            <esquivar>KeyS</esquivar>
            <especial>KeyD</especial>
        </jugador>
        <jugador id="2">
            <ataque>KeyK</ataque>
            <esquivar>KeyL</esquivar>
            <especial>KeyJ</especial>
        </jugador>
        <salir>Space</salir>
    </controles>
    
    <!-- Configuración de pantallas -->
    <pantallas>
        <principal>PáginaPrincipal.html</principal>
        <juego>juego.html</juego>
        <instrucciones>instrucciones.html</instrucciones>
    </pantallas>

    <!-- Recursos multimedia -->
    <recursos>
        <imagenes>
            <fondo_principal>Fotos/Fondo.jpeg</fondo_principal>
            <fondo_juego>Fotos/FondoJuego.webp</fondo_juego>
        </imagenes>
        <fuentes>
            <principal>Letras/2P.ttf</principal>
        </fuentes>
    </recursos>
</lucha_extrema>